Source,Target,Column,Column2,generated
Sam Houston,J. Pinckney Henderson,,,0
James Webb,Alc6e La Branche,,,1
David G. Burnet,Richard G. Dunlap,,,2
Nathaniel Amory,Richard G. Dunlap,,,3
David G. Burnet,Richard G. Dunlap,,,4
T. Dunlap,Richard G. Dunlap,,,5
Nathaniel Amory,Richard G. Dunlap,,,6
John Emberson,Albert Sidney Johnston,,,7
David G. Burnet,Alc6e La Branche,,,8
David G. Burnet,Alc6e La Branche,,,9
David G. Burnet,Alc^ La Branche,,,10
William Scurlock,David G. Burnet,,,11
William M. Williams,David G. Burnet,,,12
D. Rowlett,David G. Bumet,,,13
David G. Bumet,Alc6e La Branche,,,14
David G. Bumet,Alc^ La Branche,,,15
David G. Bumet,Alc^e La Branche,,,16
D. Rowlett,David G. Bumet,,,17
David G. Bumet,Richard G. Dunlap,,,18
Abner S. Lipscomb,Alc^ La Branche,,,19
Abner S. Lipscomb,James Hamilton and A. T. Bumley, ,,20
Joseph Waplee,Barnard E. Bee,,,21
Abner S. Lipscomb,Geo. H. Flood,,,22
Joseph Waplee,Nathaniel Amory,,,23
Joseph Waples,Geo. H. Flood,,,24
Joseph Waplee,Geo. H. Flood,,,25
Joseph Waples,Geo. H. Flood,,,26
James S. Mayfield,Geo. H. Flood,,,27
James S. Mayfield,Barnard E. Bee,,,28
James S. Mayfield,Barnard E. Bee,,,29
Geo. H. Flood,Jamee S. Mayfield,,,30
James S. Mayfield,Geo. H. Flood,,,31
Geo. H. Flood,James S. Mayfield,,,32
James S. Mayfield,Barnard E. Bee,,,33
James S. Mayfield,Nathaniel Amory,,,34
Samuel A. Roberta,Barnard E. Bee,,,35
Samuel A. Roberts,Barnard E. Bee,,,36
Samuel A. Roberta,Joseph Eve,,,37
Samuel A. Roberta,Joseph Eve,,,38
Samuel A. Roberts,Barnard E. Bee,,,39
Sam Houston,Joseph Eve,,,40
Sam Houston,A. B. Roman,,,41
Sam Houston,A. B. Roman,,,42
Isaac Van Zandt,Anson Jones,,,43
Joseph Eve,Anson Jones,,,44
Isaac Van Zandt,Anson Jones,,,45
J. C. Spencer,Isaac Van Zandt,,,46
T. Hartley Crawford,Wm. Armstrong,,,47
R. Jones,W. Davenport and G. Loomis,,,48
Isaac Van Zandt,Anson Jones,,,49
Joseph Eve,Anson Jones,,,50
M. E. Hale,Joseph Eve,,,51
Anson Jones,Isaac Van Zandt,,,52
Anson Jones,Joseph Eve,,,53
Anson Jones,Isaac Van Zandt,,,54
Wm. Henry Daingerfield,Anson Jones,,,55
Anson Jones,Isaac Van Zandt,,,56
Sam Houston,Joseph Eve,,,57
Joseph Eve,Joseph Waples,,,58
Copy and sunmiary of instructions United States Department of State to ,,,,59
Joseph Eve as charg^ to Texaa, June 15 1841,,,60
Wm. Henry Daingerfield,Anson Jones,,,61
Joseph Eve,Anson Jones,,,62
Isaac Van Zandt,Anson Jones,,,63
' Daniel Webster,Isaac Van Zandt,,,64
Isaac Van Zandt,William S. Archer,,,65
Isaac Van Zandt,Anson Jones,,,66
Isaac Van Zandt,Daniel Webster,,,67
Joseph Eve,Anson Jones,,,68
Isaac Van Zandt,Anson Jones,,,69
Isaac Van Zandt,Anson Jones,,,70
Anson Jones,Joseph Eve,,,71
Joseph Eve,Anson Jones,,,72
ReubenM. Potter,A. M. Green,,,73
A. M. Green,Joseph Eve,,,74
Isaac Van Zandt,Anson Jones,,,75
Sam Houston,Joseph Eve,,,76
Anson Jones,Isaac Van Zandt,,,77
Anson Jones,Isaac Van Zandt,,,78
Joseph W. Robertson,Anson Jones,,,79
Chas. H. Raymond,Anson Jones,,,80
Anson Jones,Joseph Eve,,,81
Anson Jones,Joseph Eve,,,82
Anson Jones,Isaac Van Zandt,,,83
Jesse Benton,Anson Jones,,,84
Isaac Van Zandt,Anson Jones,,,85
Petition of Joseph Cooper,the Texan minister 187 ,,,86
Anson Jones,Isaac Van Zandt,,,87
Joseph Eve,President of Texas [Houston],,,88
Anson Jonee,Isaac Van Zandt,,,89
Isaac Van Zandt,Anson Jones,,,90
Anson Jones,Isaac Van Zandt,,,91
Anson Jones,Isaac Van Zandt,,,92
Isaac Van Zandt,Anson Jones,,,93
Isaac Van Zandt,Anson Jones,,,94
J. M. Porter,H. S. Legar^,,,95
William Armstrong,T. H. Crawford,,,96
William Armstrong,T. H. Crawford 203 ,,,97
Chas. H. Raymond,Anson Jones,,,98
Isaac Van Zandt,Anson Jones,,,99
Isaac Van Zandt,Anson Jones,,,100
Isaac Van Zandt,Anson Jones,,,101
Anson Jones,Isaac Van Zandt,,,102
M. C. Hamilton,Jacob Snively,,,103
Jacob Snively,Geo. W. HUl,,,104
Isaac Van Zandt,Anson Jones,,,105
Isaac Van Zandt,Anson Jones,,,106
Isaac Van Zandt,Anson Jones,,,107
W. S. Murphy,Anson Jones,,,108
Anson Jones,Isaac Van Zandt,,,109
W. S. Murphy,Anson Jones,,,110
Isaac Van Zandt,Anson Jones,,,111
Isaac Van Zandt,Anson Jones,,,112
A. P. Upshur,Isaac Van Zandt,,,113
Anson Jonee,Isaac Van Zandt,,,114
Anson Jones,J. Pinckney Henderson,,,115
Anson Jones,W. S. Murphy,,,116
Isaac Van Zandt,Anson Jones,,,117
J. H. Brewer,Isaac Van Zandt,,,118
Isaac Van Zandt,A. P. Upshur,,,119
Anson Jones,Isaac Van 2iandt,,,120
Anson Jones,Henderson and Van Zandt,,,121
Isaac Van Zandt,Anson Jones,,,122
Isaac Van Zandt,Anson Jones,,,123
Isaac Van Zandt,Anson Jones,,,124
Isaac Van Zandt,Anson Jones,,,125
Anson Jones,Isaac Van Zandt,,,126
Anson Jones,Isaac Van Zandt,,,127
Anson Jones,Isaac Van Zandt,,,128
Van Zandt and Henderson,Anson Jones,,,129
Sam Houston,Henderson and Van Zandt,,,130
Sam Houston,Van Zandt and Henderson,,,131
Anson Jones,Van Zandt and Henderson,,,132
Sam Houston,Van Zandt and Henderson,,,133
Isaac Van Zandt,Anson Jones,,,134
Sam Houaton,Van Zandt and Henderson,,,135
Van Zandt and Henderson,Anson Jones,,,136
Van Zandt and Henderson,Anson Jones,,,137
Isaac Van Zandt,Anson Jones,,,138
Van Zandt and Henderson,Anson Jones,,,139
Isaac Van Zandt,Anson Jones,,,140
Isaac Van Zandt,Anson Jones,,,141
Anson Jones,Isaac Van Zandt,,,142
A. M. Green,Anson Jones,,,143
Anson Jones,A. M. Green,,,144
Anson Jones,Charles H. Raymond,,,145
Address of Tilghman A. Howard,Anson Jones, ,,146
Anson Jones's reply,Howard *s address 294 ,,,147
Anson Jones,Charles H. Raymond,,,148
Isaac Van Zandt,Anson Jones,,,149
J. H. Brower,Isaac Van Zandt,,,150
Isaac Van Zandt,Anson Jones,,,151
Wm. Wilkins,John C. Calhoun,,,152
D. Parker,John C. Calhoun,,,153
R. Jones,the Secretary of War [of the United States],,,154
R. Jones,Zachary Taylor,,,155
Zachary Taylor,AdjutantrGeneral [R. Jones],,,156
G. Loomis,W. W. S. Bliss,,,157
Isaac Van Zandt,Anson Jones,,,158
J. H. Brower,Isaac Van Zandt,,,159
Isaac Van Zandt,Anson Jones,,,160
Charles H. Raymond,Anson Jones,,,161
Charles H. Raymond,Anson Jones,,,162
Charles H. Raymond,Anson Jones,,,163
Anson Jones,James Reily,,,164
Anson Jones,Charles H. Raymond,,,165
Charles H. Raymond,Anson Jones,,,166
A. J. Donelson,Anson Jones,,,167
M.S. CucuUu,John C. Spencer,,,168
Balie Peyton,M. S. CucuUu,,,169
Eddy and Moss,the collector of the customs at New Orleans, ,,170
Charles H. Raymond,the Secretary of State of Texas [Jones],,,171
John C. Calhoun,Charles H. Raymond,,,172
Charles H. Raymond,John C. Calhoun,,,173
A. J. Donelson,Anson Jones,,,174
Anson Jones,A. J. Donelson,,,175
A. J. Donelson,Secretary of State [Allen, December 10 1844,,176
Ebenezer Allen,A. J. Donelson,,,177
A. J. Donelson,Ebenezer Allen,,,178
Charles H. Raymond,the Secretary of State of Texas [Allen],,,179
John C. Calhoun,Charles H. Raymond,,,180
Charlee H. Raymond,John C. Calhoun,,,181
Ebenezer Allen,A. J. Donelson,,,182
Charles H. Raymond,Ebenezer Allen,,,183
A.J. Donelson,Ebenezer Allen,,,184
Ebenezer Allen,Charles H. Raymond,,,185
Charles H. Raymond,Ebenezer Allen,,,186
Ebenezer Allen,Charles H. Raymond,,,187
Charles H. Raymond,Ebenezer Allen,,,188
Ebenezer Allen,Charles H. Raymond,,,189
A. J. Donelson,Ebenezer Allen,,,190
Duff Green,A. J. Donelson,,,191
Williams, Thurston,Duff Green, January 1 1845,192
A. J. Donelson,Ebenezer Allen,,,193
Ebenezer Allen,A. J. Donelson,,,194
Charles H. Raymond,Ebenezer Allen,,,195
John C. Calhoun,Charles H. Raymond,,,196
Charles H. Raymond,Ebenezer Allen,,,197
Charles H. Raymond,John C. Calhoun,,,198
Ashbel Smith,A. J. Donelson,,,199
Ashbel Smith,Charles H. Raymond,,,200
Charles H. Raymond,Ebenezer Allen,,,201
Charles H. Raymond,John C. Calhoun,,,202
Charles H. Raymond,John C. Calhoun,,,203
Charles H. Raymond,Ebenezer Allen,,,204
Charles H. Raymond,Ebenezer Allen,,,205
Ashbel Smith,Charles H. Raymond,,,206
Ashbel Smith,Stewart Newell,,,207
Charles H. Raymond,Ashbel Smith,,,208
A. J. Donelson,Ebenezer Allen,,,209
Charles H. Raymond,Ebenezer Allen,,,210
Charles H. Raymond,Ebenezer Allen,,,211
Ebenezer Allen,David S. Kaufman,,,212
Ebenezer Allen,David S. Kaufman,,,213
Anson Jones,James K. Polk,,,214
Ebenezer Allen,William D. Lee,,,215
T. Hartley Crawford,Andrew J. Donelson,,,216
E. A. Rhodes,Ebenezer Allen,,,217
J. Y. Mason,E. A. Rhodes,,,218
E. A. Rhodes,Ebenezer Allen,,,219
Anson Jones,Zachary Taylor,,,220
Ebenezer Allen,E. A. Rhodes,,,221
William D. Lee,Ebenezer Allen,,,222
James Buchanan,William D. Lee,,,223
William D. Lee,James Buchanan,,,224
David S. Kaufman,Ebenezer Allen,,,225
David S. Kaufman,James Buchanan,,,226
WilliamD. Lee,Ebenezer Allen,,,227
Ebenezer Allen,David S. Kaufman,,,228
William D. Lee,Ebenezer Allen,,,229
W. L. Marcy,David S. Kaufman,,,230
David S. Kaufman,Ebenezer Allen,,,231
William D. Lee,Ebenezer Allen,,,232
William D. Lee,James Buchanan,,,233
Anson Jones,James K. Polk,,,234
Joseph C. Eldredge,E. A. Rhodes,,,235
Anson Jones,James K. Polk,,,236
R. J. Walker,Hiram G. Runnels,,,237
David G. Burnet,Anto. Lopez de Santa Anna,,,238
David G. Burnet,Anto. Lopez de Santa Anna,,,239
David G. Burnet,Anto. Lopez de Santa Anna,,,240
David G. Burnet,Anto. Lopez de Santa Anna,,,241
Anto. Lopez de Santa Anna,David G. Burnet,,,242
Anto. Lopez de Santa Anna,David G. Burnet,,,243
Anto. Lopez de Santa Anna,David G. Burnet,,,244
Anto. Lopez de Santa Anna,Sam Houston,,,245
Stephen F. Austin,Fran. Pizarro Martinez,,,246
Geo. W. Hockley,Sam Houston,,,247
Geo. W. Hockley,Sam Houston,,,248
Barnard E. Bee,Sam Houston,,,249
Fran. Pizarro Martinez,Stephen F. Austin,,,250
A. J. Yates,Stephen F. Austin,,,251
Correspondent in Tampico,T. Toby,,,252
Correspondent in Tampico,T. Toby,,,253
Antonio Canales,Mirabeau B. Lamar,,,254
James Webb,Barnard E. Bee,,,255
Barnard E. Bee,James Webb,,,256
James Webb,Barnard E. Bee,,,257
Barnard E. Bee,James Webb,,,258
Barnard E. Bee,James Webb,,,259
Barnard E. Bee,James Webb [April 7 1839,,,260
Barnard E. Bee,James Webb,,,261
Barnard E. Bee,James Webb,,,262
Barnard E. Bee,James Webb,,,263
Barnard E. Bee,James Webb,,,264
Barnard E. Bee,James Webb,,,265
Barnard E. Bee,James Webb,,,266
Geo. L. Hammeken,James Hamilton,,,267
Geo. L. Hanmieken,James Webb,,,268
Barnard E. Bee,James Webb,,,269
Barnard E. Bee,James Webb,,,270
James Hamilton,Mirabeau B. Lamar,,,271
J. R. Poinsett,James Hamilton,,,272
James Hamilton,Mirabeau B. Lamar,,,273
James Hamilton,R. Copeland,,,274
Barnard E. Bee,James Webb,,,275
Barnard E. Bee,James Webb,,,276
Barnard E. Bee,James Webb,,,277
James Hamilton,Mirabeau B. Lamar,,,278
Barnard E. Bee,James Webb,,,279
Barnard E. Bee,James Webb,,,280
Barnard E. Bee,James Webb,,,281
James Webb,Barnard E. Bee,,,282
Barnard E. Bee,James Webb,,,283
BaniaxdE. Bee,James Webb,,,284
Barnard E. Bee to [Lamar], July [?] 3839 467 ,,,285
James Hamilton,Mirabeau B. Lamar,,,286
Mirabeau B. Lamar,James Treat,,,287
David G. Burnet,James Treat,,,288
Barnard E. Bee,David G. Burnet,,,289
Jacob Barker,Barnard E. Bee,,,290
James Treat,David G. Burnet,,,291
DaAdd G. Burnet,James Treat,,,292
James Treat,Mirabeau B. I^mar,,,293
James Treat,David G. Burnet,,,294
James Treat,David G. Burnet,,,295
James Treat,David G. Burnet,,,296
James Treat,Mirabeau B. I^mar,,,297
A Friend of Treat in Mexico,a Friend of Treat in New Orleans [Vitalba],,,298
A Friend of Treat in New Orleans [Vitalba] to James Treat, September ,,,299
James Treat,David G. Biumet,,,300
James Treat,David G. Burnet,,,301
James Treat,David G. Burnet,,,302
James Treat,David G. Burnet,,,303
A. S. Wright,Wm. Bryan,,,304
James Treat,David G. Burnet,,,305
James Treat,David G. Burnet,,,306
A. S. Wright,William Bryan,,,307
Juan de Dios Cafiedo,R. Pakenham,,,308
James Treat,Mirabeau B. Lamar,,,309
James Treat,Mirabeau B. Lamar,,,310
James Treat,James Hamilton,,,311
James Treat,Mirabeau B. Lamar,,,312
David G. Burnet,James Hamilton,,,313
A. S. Wright,Wm. Bryan,,,314
A. S. Wright,John Merle,,,315
A. S. Wright,Wm. Bryan,,,316
James Treat,Mirabeau B. Lamar,,,317
James Hamilton,David G. Burnet,,,318
James Treat,Mirabeau B. Lamar,,,319
James Treat,Mirabeau B. Lamar,,,320
James Treat,Mirabeau B. Lamar,,,321
James Treat,Mirabeau B. Lamar,,,322
James Treat,Mirabeau B. Lamar,,,323
James Treat,Mirabeau B. Lamar,,,324
Abner S. Lipscomb,Barnard E. Bee,,,325
James Treat,Mirabeau B. Lamar,,,326
James Treat,Mirabeau B. Lamar,,,327
James Treat,Juan de Dios CaAedo,,,328
James Treat,Juan de Dios Cafiedo,,,329
James Treat,Juan de Dios Cafiedo,,,330
James Treat,Mirabeau B. Lamar,,,331
James Treat,Mirabeau B. Lamar,,,332
James Treat,Mirabeau B. Lamar,,,333
James Treat,Mirabeau B. Lamar,,,334
James Treat,Juan de Dios Cafiedo,,,335
James Treat,Juan Nepomuceno Almonte,,,336
James Treat,Juan de Dies Cafiedo,,,337
James Treat,Juan de Dies Cafiedo,,,338
James Treat,Juan de Dios Cafiedo,,,339
James Treat,Mirabeau B. Lamar,,,340
James Treat,Mirabeau B. Lamar,,,341
David G. Burnet,James Treat,,,342
David G. Burnet,R. Pakenham,,,343
David G. Burnet,R. Pakenham,,,344
James Treat,Mirabeau B. Lamar,,,345
James Treat,Mirabeau B. Lamar,,,346
Propositions of Texas,Mexico,,,347
James Treat,Mirabeau B. I^amar,,,348
Abner S. Lipscomb,James Treat,,,349
Abner S. Lipscomb,Hamilton and Burnley,,,350
James Treat,Secretary of State [Lipscomb],,,351
Jas. Ogilvy,R. Pakenham,,,352
Jas. Ogilvy,R. Pakenham,,,353
James Treat,Mirabeau B. Lamar,,,354
James Treat,Mirabeau B. Lamar,,,355
Correspondent at Vera Cruz,David G. Burnet,,,356
James Treat,Mirabeau B. Lamar,,,357
James Treat,Juan de Dios Cafiedo,,,358
A. S. Wright,Barnard E. Bee,,,359
Barnard E. Bee,Secretary of State [Lipscomb],,,360
James Treat,Mirabeau B. Lamar,,,361
R. Pakenham,David G. Burnet,,,362
James Treat,Mirabeau B. Lamar,,,363
A. S. Wright,Barnard E. Bee,,,364
A. S. Wright,Barnard E. Bee,,,365
A. S. Wright,Barnard E. Bee,,,366
A. S. Wright,Barnard E. Bee,,,367
Barnard E. Bee,Secretary of State [Lipscomb],,,368
Abner S. Lipscomb,James Hamilton,,,369
Abner S. Lipscomb,James Treat,,,370
James Treat,Mirabeau B. Lamar,,,371
James Treat,Mirabeau B. Lamar,,,372
James Treat,James Ritchie,,,373
James Treat,Mirabeau B. Lamar,,,374
James Treat,Mirabeau B. Lamar,,,375
Abner S. Lipscomb,James Treat,,,376
James Treat,Mirabeau B. Lamar,,,377
James Treat,Abner S. Lipscomb,,,378
Mirabeau B. Lamar,E. W. Moore,,,379
A. S. Wright,Barnard E. Bee,,,380
A. S. Wright,Barnard E. Bee,,,381
James Treat,Abner S. Lipscomb,,,382
James Treat,Mirabeau B. Lamar,,,383
James Treat,Juan de Dios Cafiedo,,,384
Barnard E. Bee,James Treat, 1��40 665 ,,385
James Treat,Abner S. Lipscomb,,,386
James Treat,Mirabeau B. Lamar,,,387
James Treat,Mirabeau B. Lamar,,,388
James Treat,Abner S. Lipscomb,,,389
James Treat,Mirabeau B. Lamar,,,390
A. S. Wright,Barnard E. Bee,,,391
A. S. Wright,Barnard E. Bee,,,392
James Treat,Mirabeau B. Lamar,,,393
James Treat,Abner S. Lipscomb,,,394
James Treat,E. W. Moore,,,395
E. W. Moore,James Treat,,,396
E. W. Moore,Muabeau B. Lamar, 184Q 695 ,,397
E. W. Moore,Abner S. Lipscomb,,,398
James Treat,Abner S. Lipscomb,,,399
Memorandum communicated by Treat,Mexican Government,,,400
Abner S. Lipscomb,James Treat,,,401
James Treat,Abner S. Lipscomb,,,402
Agent of Texas [Treat] to Secretary of State of Mexico [Cafledo], Septem- ,,,403
James Treat,Abner S. Lipscomb,,,404
James Treat,Abner S. Lipscomb,,,405
James Treat,Abner S. Lipscomb,,,406
E. W. Moore,James Treat,,,407
E. W. Moore,Joaquin Rivas Sayas,,,408
Joaquin Rivas Sayas,E. W. Moore,,,409
Nathaniel Amory,Abner S. Lipscomb,,,410
Juan N. Leplicher,Nathaniel Amory,,,411
A. S. Wright,Nathaniel Amory,,,412
Juan Vitalba,Mirabeau B. Lamar,,,413
James Treat,R. Pakenham,,,414
James Treat,R. Pakenham,,,415
James Treat,R. Pakenham,,,416
R. Pakenham,James Treat,,,417
Juan de Dies Cafiedo,R. Pakenham,^.840 725 ,,418
R. Pakenham,James Treat,,,419
R. Pakenham,James Treat,,,420
R. Pakenham,James Treat, U540 727 ,,421
R. Pakenham,James Treat,,,422
James Treat,E. W. Moore,,,423
James Treat,E. W. Moore,,,424
A. S. Wright,Mirabeau B. Lamar,,,425
James S. May field,James Webb,,,426
Samuel A. Roberts,Cooke and others,,,427
Samuel A. Roberts,Wm. G. Cooke,,,428
Samuel A. Roberts,Rafael Uribe,,,429
Samuel A. Roberts,Van Ness and Morris,,,430
Mirabeau B. Lamar,Mariano Arista,,,431
James Webb,James S. Mayfield,,,432
James Webb,Ignacio de Mora,,,433
Ignacio de Mora,James Webb,,,434
James Webb,R. Pakenham,,,435
R. Pakenham,James Webb,,,436
Sebastian Canacho,R. Pakenham,,,437
R. Pakenham,James S. Mayfield,,,438
James Webb,R. Pakenham,,,439
James Webb,Mirabeau B. Lamar,,,440
Samuel A. Roberts,James Webb,,,441
John D. Morris,Samuel A. Roberts,,,442
John D. Morris,Samuel A. Roberts,,,443
Van Ness and Morris,Rafael Uribe [July 18 1841,,,444
Van Ness and Morris,Carrasco,,,445
Van Ness and Morris,Mariano Arista,,,446
Mariano Arista,Van Ness and Morris,,,447
Brenham and Cooke,Secretary of State [Roberts],,,448
Anson Jones,James Hamilton,,,449
Sam Houston,Secretary of State [Jones],,,450
Sam Houston to*Hockley and Williams, February 3 1843,,,451
G. W. Hill,Adrian Woll,,,452
Reuben M. Potter,Ashbel Smith,,,453
Mirabeau B. Lamar,Governor of Yucatan,,,454
Miguel Barbachano,Mirabeau B. Lamar,,,455
Martin F. Peraza,Samuel A. Roberts,,,456
Samuel A. Roberts,Martin F. Peraza,,,457
Martin F. Peraza,Samuel A. Roberts,,,458
E. W. Moore,PedrffLemus,,,459
Pedro Lemus,E. W. Moore,,,460
Joaquin G. Rej6n,Secretary of State [Waples, January 18 1842,,461
Joaquin G. Rei6n,Secretary of State [Waples, January 18 1842,,462
Instructions,Peraza,,,463
Joaquin G. Rej6n,President of Texas,,,464
Pedro Lemus,Secretary of State [Rej6n],,,465
R. A. Irion,J. Pinckney Henderson,,,466
J. Pinckney Hendersdh,Secretary of State [Irion],,,467
R. A. Irion,J. Pinckney Henderson,,,468
J. Pinckney Henderson,Secretary of State [Irion],,,469
J. Pinckney Henderson,Lord Palmerston,,,470
I^rd Palmerston,J. Pinckney Henderson,,,471
J. Pinckney Henderson,Lord Palmerston,,,472
J. Pinckney Henderson,R. A. Irion,,,473
J. Pinckney Henderson,Lord Palmerston,,,474
Lord Palmerston,J. Pinckney Henderson,,,475
J. Pinckney Henderson,Lizardi &lt;k Co.,,,476
J. Pinckney Henderson,R. A. Irion,,,477
J. Pinckney Henderson,Lord Palmerston,,,478
J. Pinckney Henderson,Lord Palmerston,,,479
Lord Palmerston,J. Pinckney Henderson,,,480
R. A. Irion,J. Pinckney Henderson,,,481
J. Pinckney Henderson,R. A. Irion,,,482
J. Pinckney Henderson,R. A. Irion,,,483
J. Pinckney Henderson,Lord Palmerston,,,484
J. Pinckney Henderson,Lord Palmerston,,,485
J. Pinckney Henderson,Lord Palmerston,,,486
Lord Palmerston,J. Pinckney Henderson,,,487
R. A. Irion,Agent of Lloyds,,,488
R. A. Irion,J. Pinckney Henderson,,,489
J. Pinckney Henderson,R. A. Irion,,,490
J. Pinckney Hendereon,Lord Palmerston,,,491
Lord Palmerston,J. Pinckney Henderson,,,492
J. Pinckney Henderson,Lord Palmerston,,,493
J. Pinckney Henderson,Lord Palmerston,,,494
Lord Palmerston,J. Pinckney Henderson,,,495
J. Pinckney Henderson,Lord Palmerston,,,496
Lord Palmerston,J. Pinckney Henderson,,,497
R. A. Irion,J. Pinckney Henderson,,,498
R. A. Irion,J. Pinckney Henderson,,,499
R. A. Irion,J. Pinckney Henderson,,,500
Jamee Hamilton,H. S. Fox,,,501
H. S. Fox,James Hamilton,,,502
David G. Burnet,J. Pinckney Henderson,,,503
David G. Burnet,Jamee Hamilton,1839 873 ,,504
J. Pinckney Henderson,Secretary of State [Burnet],,,505
J. Pinckney Henderson,Secretary of State [Burnet],,,506
J. Pinckney Henderson,Secretary of State [Biumet],,,507
James Hamilton,David G. Burnet,,,508
R. Pakenham,James Hamilton,,,509
Jamee Hamilton,R. Pakenham,,,510
Jamee HamUton,R. Pakenham,,,511
James Buchanan,E. W. Moore,,,512
E. W. Moore,James Buchanan,,,513
James Hamilton,Abner S. Lipecomb,,,514
Jamee Hamilton,Lord Palmerston,,,515
James Treat,Mirabeau B. Lamar,,,516
James Treat,Abner S. Lipscomb,,,517
R. Pakenham,James Treat,,,518
James Treat,Ri. Pakenham,,,519
Abner S. Lipecomb,R. Pakenham,,,520
John Taylor,Mirabeau B. Lamar,,,521
List of negro subjects of Great Britain alleged,be held in slavery in Texas,,,522
James Hamilton,Abner S. Lipecomb,,,523
Mirabeau B. Lamar,Lord Russell,,,524
Joseph Waples,Wm. Barron,,,525
James Hamilton,Abner S. Lipecomb,,,526
Geo. S. Mcintosh,Mirabeau B. Lamar,,,527
James Hamilton,Abner S. Lipscomb,,,528
James Hamilton,Lord Palmerston,,,529
Abner S. Lipecomb,Wm. Barron,,,530
James Hamilton,Mirabeau B. Lamar,,,531
James Hamilton,Monroe Edwards,,,532
Lord Palmerston,James Hamilton,,,533
James Hamilton,Abner S. Lipscomb,,,534
James Hamilton,Abner S. Lipscomb,,,535
Hamilton and Burnley,James H. Starr,,,536
James Hamilton,Abner S. Lipscomb,,,537
James Hamilton,Lord Palmerston,,,538
Lord Palmerston,James Hamilton,,,539
James Hamilton,Mirabeau B. Lamar,,,540
Lord Palmerston,James Hamilton,,,541
James S. Mayfield,James Hamilton,,,542
James S. Mayfield,James Hamilton,,,543
A. T. Biimley,David G. Burnet,,,544
Arthur Ikin,James S. Mayfield,,,545
James Hamilton,James S. Mayfield,,,546
Samuel A. Roberts,James Hamilton,,,547
John Crawford,Mirabeau B. Lamar,,,548
Lord Palmerston,Mirabeau B. Lamar,,,549
James Hamilton,Samuel A. Roberts,,,550
Anson Jones,James Hamilton,,,551
James Hamilton,Anson Jones,,,552
James Hamilton,Anson Jones,,,553
James Hamilton,Nathaniel Amory,,,554
James Hamilton,Anson Jones,,,555
James Hamilton,Anson Jones,,,556
Anson Jones,Ashbel Smith,,,557
Arthur Ikin,Anson Jones,,,558
Anson Jones,Ashbel Smith,,,559
Geo. Fisher,Anson Jones,,,560
Ashbel Smith,Anson Jones,,,561
Ashbel Smith,Anson Jones,,,562
Ashbel Smith,Anson Jones,,,563
Anson Jones,Ashbel Smith,,,564
Ashbel Smith,Anson Jones,,,565
Ashbel Smith,Anson Jones,,,566
Lord Aberdeen,Secretary of State of Texas [Jones],,,567
Ashbel Smith,Anson Jones,,,568
Ashbel Smith,Anson Jones,,,569
Ashbel Smith,Lord Aberdeen,,,570
Ashbel Smith,Anson Jones,,,571
Ashbel Smith,Edward Everett,,,572
Edward Everett,Ashbel Smith,,,573
Edward Everett,Ashbel Smith,,,574
Edward Everett,Ashbel Smith,,,575
Ashbel Smith,Samuel Amory,,,576
Samuel Amory,George K. Teulon,,,577
Ashbel Smith,Edward Everett,,,578
Edward Everett,Ashbel Smith,,,579
Ashbel Smith,Edward Everett,,,580
A^bel Smith,Lord Aberdeen,,,581
Ashbel Smith,Lord Aberdeen,,,582
Lord Aberdeen,Ashbel Smith,,,583
M. P. Russell,Ashbel Smith,,,584
Ashbel Smith,James Reily,,,585
Ashbel Smith,Geo. S. Mcintosh,,,586
Ashbel Smith,Lord Aberdeen,,,587
M. P. Russell,Ashbel Smith,,,588
Lord Aberdeen,Ashbel Smith,,,589
Ashbel Smith,Geo. S. Mcintosh,,,590
Ashbel Smith,Lord Aberdeen,,,591
lx)rd Aberdeen,Ashbel Smith,,,592
Ashbel Smith,M. P. Russell,,,593
Joseph Hume,Ashbel Smith,,,594
Lachlin M. Rate,Ashbel Smith,,,595
Memorandum concerning War Steamers,be used against Texas,,,596
Wm. Pringle,Ashbel Smith,,,597
M. P. Russell,Ashbel Smith,,,598
William Kennedy,Ashbel Smith,,,599
Arthur Ikin,Ashbel Smith,,,600
Ashbel Smith,Arthur Ikin,,,601
Fox Sons &amp; Co. to Ashbel Smith, July 2 1842,,,602
Ashbel Smith,Lord Aberdeen,,,603
Gabriel Shaw,Ashbel Smith,,,604
Ashbel Smith,Joseph Hume,,,605
Ashbel Smith,Lachlin M. Rate,,,606
Wm. Pringle,Ashbel Smith,,,607
Ashbel Smith,Wm. Pringle,,,608
Lachlin M. Rate,Ashbel Smith,,,609
Certificate of Exchange of Ratification of Convention as,Debt be- ,,,610
Ashbel Smith,Anson Jones,,,611
Ashbel Smith,Anson Jones,,,612
Ashbel Smith,Wm. Pringle,,,613
Wm. Pringle,Ashbel Smith,,,614
Wm. Pringle,Ashbel Smith,,,615
G. W. Terrell,Ashbel Smith,,,616
Charles Elliot,Secretary of State [Jones],,,617
G. W. Terrell,Charles Elliot,,,618
G. W. Terrell,Lord Aberdeen,,,619
Ashbel Smith,Lord Aberdeen,,,620
Charles Elliot,G. W. Terrell,,,621
Joseph Waples,Charles Elliot,,,622
Ashbel Smith,Anson Jones,,,623
Ashbel Smith,Lord Aberdeen,,,624
Ashbel Smith,H. U. Addington,,,625
Ashbel Smith,Texan Consuls,,,626
Ashbel Smith,Anson Jones,,,627
Ashbel Smith,Lord Aberdeen,,,628
Charles Elliot,Anson Jones,,,629
Ashbel Smith,Anson Jones,,,630
Ashbel Smith,Anson Jones,,,631
James Hamilton,Anson Jones,,,632
Ashbel Smith,Anson Jones,,,633
Ashbel Smith,Anson Jones,,,634
Lord Aberdeen,Ashbel Smith,,,635
Lord Aberdeen,Ashbel Smith,,,636
Lord Aberdeen,Ashbel Smith,,,637
Ashbel Smith,Lord Aberdeen,,,638
Charles Elliot,G. W. Terrell,,,639
James Hamilton,Anson Jones,,,640
James Hamilton,Anson Jones,,,641
James Hamilton,Lords of the Treasury,,,642
H. U. Addington,James Hamilton,,,643
James Hamilton,Senior Officer of British Navy,,,644
G. W. Terrell,Charles Elliot,,,645
G. W. Terrell,Ashbel Smith,,,646
Charles Elliot,G. W. Terrell,,,647
Anson Jones,Sam Houston,,,648
Anson Jones,Charles Elliot,,,649
Ashbel Smith,Anson Jones,,,650
Lord Aberdeen,Ashbel Smith,,,651
Ashbel Smith,Lord Aberdeen,,,652
Ashbel Smith,Lord Aberdeen,,,653
Ashbel Smith,Lachlin M. Rate,,,654
Charles Elliot,Anson Jones,,,655
Anson Jones,Ashbel Smith,,,656
Anson Jones,Ashbel Smith,,,657
Anson Jones,Ashbel Smith,,,658
Charles Elliot,Anson Jones,,,659
Sam Houston,Charles Elliot,,,660
Anson Jones,Ashbel Smith,,,661
Charles Elliot,Anson Jones,,,662
Percy W. Doyle,Charles Elliot,,,663
Anson Jones,Charles Elliot,,,664
Anson Jones,Ashbel Smith,,,665
Ashbel Smith,Wm. Henry Daingerfield,,,666
Ashbel Smith,Anson Jones,,,667
Charles Elliot,Anson Jones,,,668
Anson Jones,Charles Elliot,,,669
Ashbel Smith,Wm. Henry Daingerfield,,,670
Ashbel Smith,Anson Jones,,,671
Ashbel Smith,Isaac Van Zandt,,,672
Ashbel Smith,Isaac Van Zandt,,,673
Ashbel Smith,Anson Jones,,,674
Ashbel Smith,Wm. Henry Daingerfield,,,675
Ashbel Smith,Wm. Henry Daingerfield,,,676
Ashbel Smith,Wm. Henry Daingerfield,,,677
Ashbel Smith,Anson Jones,,,678
Charles Elliot,Anson Jones,,,679
Anson Jones,Charles Elliot,,,680
Ashbel Smith,Anson Jones,,,681
Charles Elliot,Anson Jones,,,682
Anson Jones,Ashbel Smith,,,683
Ashbel Smith,Anson Jones,,,684
Baron de Cetto,Ashbel Smith,,,685
Ashbel Smith,Baron de Cetto,,,686
Charles Elliot,Anson Jones,,,687
Anson Jones,Charles Elliot,,,688
Anson Jones,Charles Elliot,,,689
Charles Elliot,Anson Jones,,,690
Anson Jones,Charles Elliot,,,691
Anson Jones,Charles Elliot,,,692
Ashbel Smith,Anson Jones,,,693
Ashbel Smith,Lord Aberdeen,,,694
Charles Elliot,Anson Jones,,,695
Anson Jones,Ashbel Smith,,,696
Charles Elliot,Anson Jones,,,697
Charles Elliot,Anson Jones,,,698
Ashbel Smith,Anson Jones,,,699
Edwaid Everett,Ashbel Smith,,,700
Ashbel Smith,Edward Everett,,,701
Charles Elliot,Anson Jones,,,702
Anson Jones,Charles Elliot,,,703
Anson Jones,Charles Elliot,,,704
Charles Elliot,Anson Jones,,,705
Charles Elliot,Anson Jones,,,706
Ashbel Smith,Anson Jones,,,707
Ashbel Smith,Anson Jones,,,708
Anson Jones,Ashbel Smith,,,709
Ashbel Smith,Anson Jones,,,710
Holford &amp; Co. to Ashbel Smith, undated 1159 ,,,711
Holford &amp; Co. to Ashbel Smith, July 21 1842,,,712
Anson Jones,Ashbel Smith,,,713
Ashbel Smith,Anson Jones,,,714
Ashbel Smith,Anson Jones,,,715
William Kennedy,Anson Jones,,,716
Anson Jones,G. W. Terrell,,,717
Anson Jones,William Kennedy,,,718
William Kennedy,Anson Jones,,,719
John Hall,William Kennedy,,,720
Ebenezer Allen,William Kennedy,,,721
G. W. Terrell,Ashbel Smith,,,722
G. W. Terrell,Wm. Henry Daingerfield,,,723
G. W. Terrell,Ashbel Smith,,,724
G. W. Terrell,Ashbel Smith,,,725
Charles Elliot,Ashbel Smith,,,726
G. W. Terrell,Wm. Henry Daingertield,,,727
G. W. Terrell,Ashbel Smith,,,728
G. W. Terrell,Lord Clarendon,,,729
G. W.Terrell,Ashbel Smith,,,730
Ebenezer Allen,Ashbel Smith,,,731
Ashbel Smith,Ebenezer Allen,,,732
Ashbel Smith,Secretary of State [Allen],,,733
Ebenezer Allen,Ashbel Smith,,,734
Ebenezer Allen,Charles Elliot,,,735
Charles Elliot,Ebenezer Allen,,,736
Lord Aberdeen,Charles Elliot,,,737
Ebenezer Allen,Charles Elliot,,,738
J. Pinckney Henderson,R. A. Irion,,,739
J. Pinckney Henderson,Count Mol^,,,740
J. Pinckney Henderson,Count Mol^,,,741
Count Mol6,J. Pinckney Henderson,,,742
J. Pinckney Henderson,Count Mol6,,,743
R. A. Irion,J. Pinckney Henderson,,,744
R. A. Irion,J. Pinckney Henderson,,,745
J. Pinckney Henderson,R. A. Irion,,,746
J. Pinckney Henderson,Count Mol^,,,747
J. Pinckney Henderson,Count Mol6,,,748
Count Mol6,J. Pinckney Henderson,,,749
J. Pinckney Henderson,Count Mol^,,,750
J. Pinckney Henderson,Secretary of State [Irion],,,751
J. Pinckney Henderson,R. A. Irion,,,752
J. Pinckney Henderson,Mirabeau B. Lamar,,,753
J. Pickney Henderson,Secretary of State [Irion],,,754
Count Mol6,J. Pinckney Henderson,,,755
J. Pinckney Henderson,Count Mol6,,,756
J. Pinckney Henderson,Count Mol6,,,757
J. Pinckney Henderson,Secretary of State [Irion],,,758
J. Pinckney Henderson,Secretary of State [Bee],,,759
J. Pinckney Henderson,Mirabeau B. Lamar,,,760
J. Pinckney Henderson,Barnard E. Bee,,,761
J. Pinckney Henderson,Barnard E. Bee,,,762
Abb6 Anduz6,Mirabeau B. Lamar,,,763
James Webb,Abb6 Anduz6,,,764
James Webb,Admiral Baudin,,,765
J. Pinckney Henderson,James Webb,,,766
J. Pinckney Henderson,James Webb,,,767
J. Pinckney Henderson,James Webb,,,768
J. Pinckney Henderson,Secretary of State [Burnet],,,769
Hamilton and Burnley,Mirabeau B. Lamar,,,770
James Hamilton,David G. Burnet,,,771
J. Pinckney Henderson,Secretary of State,,,772
J. Pinckney Henderson,Secretary of State,,,773
J. Pinckney Henderson,Secretary of State [Burnet],,,774
Lewis Cass,J. Pinckney Henderson,,,775
David G. Burnet,James Hamilton,,,776
J. Pinckney Henderson,David G. Burnet,,,777
J. Pinckney Henderson,Secretary of State [Burnet],,,778
Abner S. Lipscomb,James Hamilton,,,779
A. de Saligny,Abner S. Lipscomb,,,780
James Hamilton,Mirabeau B. Lamar,,,781
A. T. Burnley,Mirabeau B. Lamar,,,782
James Hamilton,Abner S. Lipscomb,,,783
James Hamilton,M. Guizot,,,784
James Hamilton,Abner S. Lipscomb,,,785
James Hamilton,Henry Castro,,,786
A. de Saligny,Secretary of State [Mayfield],,,787
James S. Mayfield,A. de Saligny,,,788
A. de Saligny,James S. Mayfield,,,789
James S. Mayfield,A. de Saligny,,,790
Henry J. Jewett,James S. Mayfield,,,791
A. de Saligny,James S. Mayfield,,,792
James S. Mayfield,A. de Saligny,,,793
A. de Saligny,James S. Mayfield,,,794
James S. Mayfield,A. de Saligny,,,795
A. de Saligny,James S. Mayfield,,,796
James Hamilton,Abner S. Lipscomb,,,797
James S. Mayfield,A. de Saligny,,,798
A. de Saligny,James S. Mayfield ,,,799
A. de Saligny,James S. Mayfield,,,800
James S. Mayfield,A. de Saligny,,,801
A. de Saligny,James S. Mayfield,,,802
James S. Mayfield,Thos. Gales Forster,,,803
James S. Mayfield,Wm. Henry Daingerfield,,,804
James S. Mayfield,A. de Saligny,,,805
James S. Mayfield,Geo. S. Mcintosh,,,806
James S. Mayfield,Henry J. Jewett,,,807
James S. Mayfield,Geo. S. Mcintosh,,,808
Wm. Sevey,James S. Mayfield,,,809
James H. Starr,Wm. Sevey,,,810
Thos. Gales Forster,James S. Mayfield,,,811
Henry J. Jewett,James S. Mayfield,,,812
Information given by Henry J. Jewett,A. Hutchinson, ,,813
James S. Mayfield,Henry J. Jewett,,,814
A. Hutchinson,James S. Mayfield,,,815
James Hamilton,Mirabeau B. Laniar,,,816
Nathaniel Amory,James Hamilton,,,817
Nathaniel Amory,Geo. S. Mcintosh,,,818
Nathaniel Amory,James Hamilton,,,819
James Hamilton,James S. Mayfield,,,820
James Hamilton,M. Guizot,,,821
James Hamilton,James S. Mayfield,,,822
James Hamilton,M. Guizot,,,823
Geo. S. Mcintosh,Secretary of State [Roberts],,,824
Geo. S. Mcintosh,M. Guizot,,,825
Geo. S. Mcintosh,M. Guizot,,,826
M. Guizot,Geo. S. Mcintosh,,,827
Geo. S. Mcintosh,M. Guizot,,,828
Samuel A. Roberts,Geo. S. Mcintosh,,,829
Geo. S. Mcintosh,James S. Mayfield,,,830
A. de Saligny,Anson Jones,,,831
Anson Jones,George S. Mcintosh,,,832
Anson Jones,Ashbel Smith,,,833
Anson Jones,A. de Saligny,,,834
Ashbel Smith,Anson Jones,,,835
Ashbel Smith,Anson Jones,,,836
A. de Saligny,Anson Jones,,,837
Alleye de Cyprey,A. de Saligny,,,838
A. Gloux,Alleye de Cyprey,,,839
Declaration of Wyse as,goods shipped on Santa Maria,,,840
Wm. Henry Daingerfield,Secretary of State [Jones],,,841
A. de Saligny,Sam Houston,,,842
Memorandum relative,Saligny 's investments in Texan bonds 1368 ,,,843
A. de Saligny,Anson Jones,,,844
Sam Houston,A. de Saligny,,,845
Anson Jones,A. de Saligny,,,846
A. de Saligny,Anson Jones,,,847
Ashbel Smith,Geo. S. Mcintosh,,,848
Ashbel Smith,Theodore Barbey,,,849
Geo. S. Mcintosh,Ashbel Smith,,,850
Henry Castro,Ashbel Smith,,,851
Ashbel Smith,Geo. S. Mcintosh,,,852
Henry Castro,Ashbel Smith,,,853
Henry Castro,Ashbel Smith,,,854
Henry Castro,Ashbel Smith,,,855
Theodore Barbey,Ashbel Smith,,,856
Henry Castro,Ashbel Smith,,,857
Geo. S. Mcintosh,Ashbel Smith,,,858
Ashbel Smith,Theodore Barbey,,,859
Sam Houston,Ashbel Smith,,,860
Ashbel Smith,Anson Jones,,,861
Ashbel Smith,Anson Jones,,,862
Ashbel Smith,Anson Jones,,,863
Ashbel Smith,M. Guizot,,,864
Ashbel Smith,Anson Jones,,,865
Ashbel Smith,Anson Jones,,,866
Aflbbel Smith,Anaon Jones,,,867
Ashbel Smith,Anson Jones,,,868
Ashbel Smith,Anson Jones,,,869
Ashbel Smith,Anson Jones,,,870
M. Guizot,Ashbel Smith,,,871
Ashbel Smith,M. Guisot,,,872
M. Guizot,Ashbel Smith,,,873
Ashbel Smith,M. Guizot,,,874
Ashbel Smith,Anson Jones,,,875
G. W. Terrell,Ashbel Smith,,,876
Anson Jones,Ashbel.Smith,,,877
Anson Jones,Ashbel Smith,,,878
Anson Jones,Al. Bourgeois,,,879
Ashbel Smith,Anson Jones,,,880
Ashbel Smith,Anson Jones,,,881
Viscount J. de Cramayel,Anson Jones,,,882
Ashbel Smith,Anson Jones,,,883
Viscount J. de Cramayel,Anson Jones,,,884
Anson Jones,Viscount J. de Cramayel,,,885
Anson Jones,Viscount J. de Cramayel,,,886
Secretary of State [Jones] to Ashbel Smith, February 26 1843,,,887
Viscount J. de Cramayel,Anson Jones,,,888
Ashbel Smith,Anson Jones,,,889
Ashbel Smith,Anson Jones,,,890
Ashbel Smith,M. Guizot,,,891
M. Guizot,Ashbel Smith,,,892
Ashbel Smith,M. Guizot,,,893
Ashbel Smith,M. Guizot,,,894
M. Guizot,Ashbel Smith,,,895
Ashbel Smith,M. Guizot,,,896
Ashbel Smith,Anson Jones,,,897
Ashbel Smith,Anson Jones,,,898
M. Guizot,Ashbel Smithy undated i 1442 ,,,899
Ashbel Smith,M. Guizot,,,900
Henry Castro,Ashbel Smith,,,901
Ashbel Smith,Henry Castro,,,902
Sam Houston,Viscount J. de Cramayel,,,903
Anson Jones,Viscount J. de Cramayel,,,904
Viscount J. de Cramayel,Anson Jones,,,905
Wm. Henry Daingerfield,Ashbel Smith,,,906
Anson Jones,Viscoimt J. de Cramayel,,,907
Ashbel Smith,Anson Jones,,,908
M. Guizot,Ashbel Smith,,,909
M. Guizot,Ashbel Smith,,,910
Wm. Henry Daingerfield,Ashbel Smith,,,911
Anson Jones,Ashbel Smith,,,912
James Hamilton,Anson Jones,,,913
A. Somervell,M. C. Hamilton,,,914
Wm. Henry Daingerfield,Anson Jones,,,915
Viscount J. de Cramayel,Anson Jones,,,916
Wm. Henry Daingerfield,Secretary of State Jones,,,917
Ashbel Smith,Anson Jones,,,918
Ashbel Smith,M. Guizot,,,919
Asbbel Smith,Anson Jones,,,920
Viscount J. de Cramayel,Anson Jones,,,921
Sam Houston,Anson Jones,,,922
Ashbel Smith,Anson Jones,,,923
Al. Bourgeois,Ashbel Smith,,,924
Charles de Castell,Al. Bourgeois,,,925
Ashbel Smith,Al. Bourgeois,,,926
Anson Jones,Viscount J. de Cramayel,,,927
Ashbel Smith,Anson Jones,,,928
Wm. Henry Daingerfield,Ashbel Smith,,,929
Ashbel Smith,Anson Jones,,,930
Ashbel Smith,Anson Jones,,,931
Ashbel Smith,Anson Jones,,,932
�ۢAnson Jones,Ashbel Smith,,,933
Ashbel Smith,Anson Jones,,,934
Ashbel Smith,Anson Jones,,,935
Ashbel Smith,Anson Jones,,,936
Ashbel Smith,Anson Jones,,,937
Ashbel Smith,Anson Jones,,,938
M. Guizot,Anson Jones,,,939
A. de Saligny,Ashbel Smith,,,940
Ashbel Smith,A. de Saligny,,,941
G. W. Terrell,Ashbel Smith,,,942
Terrell's address,the King of France,,,943
Reply of the King of France,Terrell's address,,,944
G . W. TerreU,M. Guizot,,,945
Ashbel Smith,A. de Saligny,,,946
A. de Saligny,Ebenezer Allen,,,947
Ebenezer Allen,A. de Saligny,,,948
Ashbel Smith,Washington Irving,,,949
Ashbel Smith,Anson Jones,,,950
Ashbel Smith,General Sancho,,,951
Anson Jones,Ashbel Smith,,,952
Ashbel Smith,Martinez de La Rosa,,,953
Wm. Henry Daingerfield,Lachlin M. Rate,,,954
Wm. Hienry Daingerfield,Baron Roenne,,,955
Wm. Henry Daingerfield,G. W. Terrell,,,956
James Hamilton,Abner S. Lipscomb,,,957
James Hamilton,Abner S. Lipscomb,,,958
James Hamilton,Secretary of State [Roberts],,,959
Anson Jones,Victor Pirson,,,960
Wm. Henry Daingerfield,Anson Jones,,,961
Wm. Henry Daingerfield,Count d' Alviella,,,962
James Hamilton,Abner S. Lipscomb,,,963
Abner S. Lipscomb,James Hamilton,,,964
James Hamilton,Abner S. Lipscomb,,,965
Anson Jones,Wm. Henry Daingerfield,,,966
Anson Jones,James Hamilton,,,967
Anson Jones,Wm. Henry Daingerfield,,,968
Wm. Henry Daingerfield,Anson Jones,,,969
Henry Castro,Anson Jones,,,970
Anson Jones,Wm. Henry Daingerfield,,,971
Wm. Henry Daingerfield,Lachlin M. Rate,,,972
Wm. Henry Daingerfield,Anson Jones,,,973
Anson Jones,Wm. Henry Daingerfield,,,974
Wm. Henry Daingerfield,Anson Jones,,,975
Wm. Henry Daingerfield,V. Rumpff,,,976
Wm. Henry Daingerfield,Ashbel Smith,,,977
Wm. Henry Daingerfield,V. Rumpff,,,978
Wm. Henry Daingerfield,V. Rumpff,,,979
Wm. Henry Daingerfield,Anson Jones,,,980
Wm. Henry Daingerfield,Anson Jones,,,981
Wm. Henry Daingerfield,Anson Jones,,,982
Wm. Henry Daingerfield,Senator Gildmeister,,,983
R. Sieveking,Wm. Henry Daingerfield,,,984
Wm. Henry Daingerfield,G. W. Terrell,,,985
Ashbel Smith,Wm. Henry Daingerfield,,,986
Wm. Henry Daingerfield,Ebenezer Allen,,,987
Wm. Henry Daingerfield,Ashbel Smith,,,988
Wm. Henry Daingerfield,R. Sieveking,,,989
Wm. Henry Daingerfield,Ebenezer Allen,,,990